"ComputerName","AccountName","IsDomain","IsGroup","SID","Description","Disabled","LastLogin","PwdLastSet","PwdExpired","UserFlags"
"MHSDC09.mhs.net","mhs.net/Domain Admins","True","True","S-1-5-21-2089797427-1788541131-3249895453-512","","","","","",""
"mhs.net/Domain Admins","mhs.net/_csosa","True","False","S-1-5-21-2089797427-1788541131-3249895453-22679296","Cesar Sosa Admin Account","False","","11/17/2016 8:43:02 AM","","512"
"mhs.net/Domain Admins","mhs.net/_MAchaibar","True","False","S-1-5-21-2089797427-1788541131-3249895453-22587829","Server Analyst II","False","","10/10/2016 7:21:27 AM","","512"
"mhs.net/Domain Admins","mhs.net/_RLeon","True","False","S-1-5-21-2089797427-1788541131-3249895453-22541487","Administrative account for Rich Leon","False","","12/12/2016 7:53:38 AM","","512"
"mhs.net/Domain Admins","mhs.net/_gbenson","True","False","S-1-5-21-2089797427-1788541131-3249895453-22583369","Administrative account for Gordon Benson","False","","10/24/2016 12:26:44 PM","","512"
"mhs.net/Domain Admins","mhs.net/_nwaller","True","False","S-1-5-21-2089797427-1788541131-3249895453-22541242","Admin account for Noah Waller","False","","10/31/2016 9:04:37 AM","","512"
"mhs.net/Domain Admins","mhs.net/_seherrera","True","False","S-1-5-21-2089797427-1788541131-3249895453-22526459","Administrative account for Sergio Herrera","False","","10/14/2016 2:51:52 PM","","512"
"mhs.net/Domain Admins","mhs.net/_cmason","True","False","S-1-5-21-2089797427-1788541131-3249895453-22542519","Domain Admin Account","False","","10/14/2016 11:00:56 AM","","512"
"mhs.net/Domain Admins","mhs.net/_abinder","True","False","S-1-5-21-2089797427-1788541131-3249895453-22526452",,"False","","10/28/2016 8:38:39 AM","","512"
"mhs.net/Domain Admins","mhs.net/_aladiaz","True","False","S-1-5-21-2089797427-1788541131-3249895453-22540899","IT - Senior Server Analyst - Admin Account","False","","10/27/2016 7:50:50 AM","","512"
"mhs.net/Domain Admins","mhs.net/_cdiaz","True","False","S-1-5-21-2089797427-1788541131-3249895453-22526425","Crystal Diaz Admin Account","False","","11/8/2016 7:59:12 AM","","512"
"mhs.net/Domain Admins","mhs.net/_SMiller","True","False","S-1-5-21-2089797427-1788541131-3249895453-22536777","Domain Admin account","False","","10/17/2016 9:38:07 AM","","512"
"mhs.net/Domain Admins","mhs.net/_bskelton","True","False","S-1-5-21-2089797427-1788541131-3249895453-22526393",,"False","","9/22/2016 7:11:14 AM","","512"
"mhs.net/Domain Admins","mhs.net/_acotugno","True","False","S-1-5-21-2089797427-1788541131-3249895453-22526390","Anthony Cotugno's Admin Account","False","","10/3/2016 6:01:09 AM","","512"
"mhs.net/Domain Admins","mhs.net/_dlyden","True","False","S-1-5-21-2089797427-1788541131-3249895453-22536678",,"False","","10/24/2016 1:41:42 PM","","512"
"mhs.net/Domain Admins","mhs.net/_PVProxy","True","False","S-1-5-21-2089797427-1788541131-3249895453-22526264","Service account for ProVision Proxy","False","","2/13/2014 2:30:04 PM","","512"
"mhs.net/Domain Admins","mhs.net/_ADMonitor","True","False","S-1-5-21-2089797427-1788541131-3249895453-22513646","ConfigMgr Site System Installation Account","False","","1/28/2013 9:13:45 AM","","512"
"mhs.net/Domain Admins","mhs.net/_ee_service","True","False","S-1-5-21-2089797427-1788541131-3249895453-22481015",,"False","","2/22/2013 12:05:04 PM","","512"
"mhs.net/Domain Admins","mhs.net/_ITSecService","True","False","S-1-5-21-2089797427-1788541131-3249895453-22480964",,"False","","11/11/2011 7:58:00 AM","","512"
"mhs.net/Domain Admins","mhs.net/SS_MBAccess","True","False","S-1-5-21-2089797427-1788541131-3249895453-22480749",,"False","","10/19/2016 2:33:08 PM","","512"
"mhs.net/Domain Admins","mhs.net/_TSMService","True","False","S-1-5-21-2089797427-1788541131-3249895453-22445746","Service Account fot Tivoli Backups","False","","5/17/2013 9:46:58 AM","","512"
"mhs.net/Domain Admins","mhs.net/NitroSecurity","True","False","S-1-5-21-2089797427-1788541131-3249895453-22469822","NitroSecurity","False","","3/17/2015 9:57:26 AM","","512"
"mhs.net/Domain Admins","mhs.net/Administrator","True","False","S-1-5-21-2089797427-1788541131-3249895453-500","Built-in account for administering the computer/domain","False","","9/13/2016 8:15:33 AM","","514"
"MHSDC09.mhs.net","mhs.net/Administrator","True","False","S-1-5-21-2089797427-1788541131-3249895453-500","","","7/24/2012 2:25:06 PM","","",""
"MHSDC09.mhs.net","mhs.net/Enterprise Admins","True","True","S-1-5-21-2089797427-1788541131-3249895453-519","","","","","",""
